,term,score
0,luce,92.76069713513886
1,hadden,19.676511513514303
2,editor,16.86558129729797
3,mrs,14.054651081081644
4,business,12.649185972973479
5,news,12.649185972973479
6,inc,11.243720864865315
7,weekly,9.838255756757151
8,interest,8.432790648648986
9,journalism,8.432790648648986
10,articles,7.027325540540822
11,editors,7.027325540540822
12,magazines,7.027325540540822
13,harry,7.027325540540822
14,republican,5.6218604324326575
15,purchased,5.6218604324326575
16,fortune,5.6218604324326575
17,editorial,5.6218604324326575
18,sides,5.6218604324326575
19,matthews,5.6218604324326575
20,contained,5.6218604324326575
21,tried,5.6218604324326575
22,writers,5.6218604324326575
23,story,5.6218604324326575
24,god,5.6218604324326575
25,1923,5.6218604324326575
26,chicago,4.216395324324493
27,forum,4.216395324324493
28,paper,4.216395324324493
29,attitude,4.216395324324493
30,memos,4.216395324324493
31,developed,4.216395324324493
32,son,4.216395324324493
33,prospectus,4.216395324324493
34,virtually,4.216395324324493
35,publications,4.216395324324493
36,always,4.216395324324493
37,issue,4.216395324324493
38,see,4.216395324324493
39,question,4.216395324324493
40,literary,4.216395324324493
41,circulation,4.216395324324493
42,sentence,4.216395324324493
43,sports,4.216395324324493
44,henry,4.216395324324493
45,brokaw,4.216395324324493
46,title,4.216395324324493
47,march,4.216395324324493
48,yale,4.216395324324493
49,curiosity,4.216395324324493
50,series,4.216395324324493
51,judgment,2.8109302162163288
52,evangel,2.8109302162163288
53,except,2.8109302162163288
54,executive,2.8109302162163288
55,largest,2.8109302162163288
56,architectural,2.8109302162163288
57,advertising,2.8109302162163288
58,argument,2.8109302162163288
59,issues,2.8109302162163288
60,annual,2.8109302162163288
61,pictorial,2.8109302162163288
62,tall,2.8109302162163288
63,critical,2.8109302162163288
64,briton,2.8109302162163288
65,ll,2.8109302162163288
66,talk,2.8109302162163288
67,nonetheless,2.8109302162163288
68,lean,2.8109302162163288
69,enterprise,2.8109302162163288
70,company,2.8109302162163288
71,seldom,2.8109302162163288
72,sentences,2.8109302162163288
73,senator,2.8109302162163288
74,playwright,2.8109302162163288
75,1936,2.8109302162163288
76,terms,2.8109302162163288
77,campaign,2.8109302162163288
78,husband,2.8109302162163288
79,how,2.8109302162163288
80,reporting,2.8109302162163288
81,hotchkiss,2.8109302162163288
82,quoted,2.8109302162163288
83,candidate,2.8109302162163288
84,friendly,2.8109302162163288
85,illustrated,2.8109302162163288
86,obviously,2.8109302162163288
87,haired,2.8109302162163288
88,13,2.8109302162163288
89,george,2.8109302162163288
90,gives,2.8109302162163288
91,goldwater,2.8109302162163288
92,being,2.8109302162163288
93,zeal,2.8109302162163288
94,eyed,2.8109302162163288
95,far,2.8109302162163288
96,christian,2.8109302162163288
97,association,2.8109302162163288
98,intellectual,2.8109302162163288
99,shared,2.8109302162163288
100,revenue,2.8109302162163288
101,autobiography,2.8109302162163288
102,aware,2.8109302162163288
103,publisher,2.8109302162163288
104,faulted,2.8109302162163288
105,respect,2.8109302162163288
106,baltimore,2.8109302162163288
107,inconspicuous,2.8109302162163288
108,included,2.8109302162163288
109,resigned,2.8109302162163288
110,photojournalism,2.8109302162163288
111,latest,2.8109302162163288
112,sharp,2.8109302162163288
113,sometimes,2.8109302162163288
114,york,2.8109302162163288
115,divorce,2.8109302162163288
116,1928,2.8109302162163288
117,digest,2.8109302162163288
118,86,2.8109302162163288
119,85,2.8109302162163288
120,struck,2.8109302162163288
121,moments,2.8109302162163288
122,conn,2.8109302162163288
123,monthly,2.8109302162163288
124,women,2.8109302162163288
125,couple,2.8109302162163288
126,1930,2.8109302162163288
127,street,2.8109302162163288
128,ought,2.8109302162163288
129,stock,2.8109302162163288
130,donovan,2.8109302162163288
131,sold,2.8109302162163288
132,double,1.4054651081081644
133,elizabeth,1.4054651081081644
134,drove,1.4054651081081644
135,firm,1.4054651081081644
136,five,1.4054651081081644
137,fledging,1.4054651081081644
138,sorts,1.4054651081081644
139,spare,1.4054651081081644
140,fleet,1.4054651081081644
141,curt,1.4054651081081644
142,describe,1.4054651081081644
143,spartan,1.4054651081081644
144,flip,1.4054651081081644
145,focus,1.4054651081081644
146,foe,1.4054651081081644
147,edited,1.4054651081081644
148,dependency,1.4054651081081644
149,folklore,1.4054651081081644
150,departments,1.4054651081081644
151,representatives,1.4054651081081644
152,specialized,1.4054651081081644
153,footed,1.4054651081081644
154,service,1.4054651081081644
155,stating,1.4054651081081644
156,final,1.4054651081081644
157,filial,1.4054651081081644
158,solemn,1.4054651081081644
159,editorials,1.4054651081081644
160,shifted,1.4054651081081644
161,soldiers,1.4054651081081644
162,rev,1.4054651081081644
163,reunited,1.4054651081081644
164,differ,1.4054651081081644
165,retired,1.4054651081081644
166,fateful,1.4054651081081644
167,fathered,1.4054651081081644
168,restyled,1.4054651081081644
169,detailed,1.4054651081081644
170,respected,1.4054651081081644
171,dictionary,1.4054651081081644
172,field,1.4054651081081644
173,fifties,1.4054651081081644
174,fighting,1.4054651081081644
175,dr,1.4054651081081644
176,sons,1.4054651081081644
177,figure,1.4054651081081644
178,editions,1.4054651081081644
179,reporter,1.4054651081081644
180,denominator,1.4054651081081644
181,former,1.4054651081081644
182,gestures,1.4054651081081644
183,gaudy,1.4054651081081644
184,generals,1.4054651081081644
185,generous,1.4054651081081644
186,reigning,1.4054651081081644
187,sport,1.4054651081081644
188,decided,1.4054651081081644
189,shape,1.4054651081081644
190,regularly,1.4054651081081644
191,germinal,1.4054651081081644
192,stations,1.4054651081081644
193,rejoices,1.4054651081081644
194,gibbs,1.4054651081081644
195,gift,1.4054651081081644
196,gilbert,1.4054651081081644
197,decisions,1.4054651081081644
198,giving,1.4054651081081644
199,global,1.4054651081081644
200,spotting,1.4054651081081644
201,reflection,1.4054651081081644
202,deep,1.4054651081081644
203,spoke,1.4054651081081644
204,fund,1.4054651081081644
205,formerly,1.4054651081081644
206,founding,1.4054651081081644
207,daughter,1.4054651081081644
208,forms,1.4054651081081644
209,forth,1.4054651081081644
210,cursed,1.4054651081081644
211,spectacularly,1.4054651081081644
212,democratic,1.4054651081081644
213,fostered,1.4054651081081644
214,democrat,1.4054651081081644
215,founded,1.4054651081081644
216,four,1.4054651081081644
217,earliest,1.4054651081081644
218,free,1.4054651081081644
219,frequently,1.4054651081081644
220,dry,1.4054651081081644
221,splashily,1.4054651081081644
222,freudulent,1.4054651081081644
223,remarkable,1.4054651081081644
224,degree,1.4054651081081644
225,religious,1.4054651081081644
226,religions,1.4054651081081644
227,famous,1.4054651081081644
228,families,1.4054651081081644
229,fame,1.4054651081081644
230,simplicity,1.4054651081081644
231,equip,1.4054651081081644
232,diversion,1.4054651081081644
233,error,1.4054651081081644
234,sights,1.4054651081081644
235,significant,1.4054651081081644
236,distortions,1.4054651081081644
237,distinctive,1.4054651081081644
238,scales,1.4054651081081644
239,espoused,1.4054651081081644
240,essay,1.4054651081081644
241,epithet,1.4054651081081644
242,essays,1.4054651081081644
243,ethics,1.4054651081081644
244,evaluate,1.4054651081081644
245,sketch,1.4054651081081644
246,evening,1.4054651081081644
247,declared,1.4054651081081644
248,saturday,1.4054651081081644
249,examination,1.4054651081081644
250,excavation,1.4054651081081644
251,divided,1.4054651081081644
252,scholarship,1.4054651081081644
253,sermons,1.4054651081081644
254,encouraged,1.4054651081081644
255,eighteen,1.4054651081081644
256,done,1.4054651081081644
257,dogmatic,1.4054651081081644
258,shoestring,1.4054651081081644
259,eminence,1.4054651081081644
260,empires,1.4054651081081644
261,divorced,1.4054651081081644
262,dated,1.4054651081081644
263,encompassed,1.4054651081081644
264,endeavor,1.4054651081081644
265,schoolmates,1.4054651081081644
266,secretive,1.4054651081081644
267,english,1.4054651081081644
268,scrawls,1.4054651081081644
269,enlightened,1.4054651081081644
270,division,1.4054651081081644
271,dividend,1.4054651081081644
272,enterprises,1.4054651081081644
273,stanch,1.4054651081081644
274,science,1.4054651081081644
275,exceeded,1.4054651081081644
276,runs,1.4054651081081644
277,dour,1.4054651081081644
278,ridgefield,1.4054651081081644
279,eyewitness,1.4054651081081644
280,rising,1.4054651081081644
281,socialite,1.4054651081081644
282,rigorous,1.4054651081081644
283,faces,1.4054651081081644
284,cyrus,1.4054651081081644
285,socially,1.4054651081081644
286,facet,1.4054651081081644
287,righteousness,1.4054651081081644
288,facts,1.4054651081081644
289,stated,1.4054651081081644
290,served,1.4054651081081644
291,shaped,1.4054651081081644
292,fad,1.4054651081081644
293,fading,1.4054651081081644
294,richest,1.4054651081081644
295,fair,1.4054651081081644
296,fairly,1.4054651081081644
297,faith,1.4054651081081644
298,rewarding,1.4054651081081644
299,sniffed,1.4054651081081644
300,eyebrows,1.4054651081081644
301,discussed,1.4054651081081644
302,ross,1.4054651081081644
303,slanting,1.4054651081081644
304,exemplify,1.4054651081081644
305,dark,1.4054651081081644
306,exercised,1.4054651081081644
307,exhausted,1.4054651081081644
308,roy,1.4054651081081644
309,explain,1.4054651081081644
310,discontinued,1.4054651081081644
311,explained,1.4054651081081644
312,express,1.4054651081081644
313,snaggle,1.4054651081081644
314,expression,1.4054651081081644
315,root,1.4054651081081644
316,room,1.4054651081081644
317,smaller,1.4054651081081644
318,directives,1.4054651081081644
319,rome,1.4054651081081644
320,smith,1.4054651081081644
321,robinson,1.4054651081081644
322,direct,1.4054651081081644
323,saucy,1.4054651081081644
324,rallied,1.4054651081081644
325,going,1.4054651081081644
326,margin,1.4054651081081644
327,phrase,1.4054651081081644
328,maintained,1.4054651081081644
329,major,1.4054651081081644
330,photographs,1.4054651081081644
331,phoenix,1.4054651081081644
332,malign,1.4054651081081644
333,manage,1.4054651081081644
334,management,1.4054651081081644
335,manager,1.4054651081081644
336,philosophical,1.4054651081081644
337,manners,1.4054651081081644
338,phi,1.4054651081081644
339,marches,1.4054651081081644
340,pervasive,1.4054651081081644
341,memoirs,1.4054651081081644
342,market,1.4054651081081644
343,marriage,1.4054651081081644
344,periodicals,1.4054651081081644
345,masthead,1.4054651081081644
346,matter,1.4054651081081644
347,perceptive,1.4054651081081644
348,matthew,1.4054651081081644
349,mccormick,1.4054651081081644
350,mcgraw,1.4054651081081644
351,meaning,1.4054651081081644
352,means,1.4054651081081644
353,pencil,1.4054651081081644
354,peak,1.4054651081081644
355,magic,1.4054651081081644
356,maddening,1.4054651081081644
357,macleish,1.4054651081081644
358,pictorialized,1.4054651081081644
359,learned,1.4054651081081644
360,legendary,1.4054651081081644
361,legman,1.4054651081081644
362,leisure,1.4054651081081644
363,pleases,1.4054651081081644
364,pleasantries,1.4054651081081644
365,liberally,1.4054651081081644
366,license,1.4054651081081644
367,play,1.4054651081081644
368,planning,1.4054651081081644
369,liked,1.4054651081081644
370,likely,1.4054651081081644
371,lila,1.4054651081081644
372,planned,1.4054651081081644
373,limited,1.4054651081081644
374,limitless,1.4054651081081644
375,listed,1.4054651081081644
376,listened,1.4054651081081644
377,live,1.4054651081081644
378,london,1.4054651081081644
379,pin,1.4054651081081644
380,looked,1.4054651081081644
381,loser,1.4054651081081644
382,piety,1.4054651081081644
383,lucean,1.4054651081081644
384,luxurious,1.4054651081081644
385,macdonald,1.4054651081081644
386,paul,1.4054651081081644
387,memorandums,1.4054651081081644
388,policemen,1.4054651081081644
389,operated,1.4054651081081644
390,murderously,1.4054651081081644
391,outset,1.4054651081081644
392,outraced,1.4054651081081644
393,narrator,1.4054651081081644
394,narrow,1.4054651081081644
395,nation,1.4054651081081644
396,oregon,1.4054651081081644
397,neatly,1.4054651081081644
398,opposition,1.4054651081081644
399,opinions,1.4054651081081644
400,newslike,1.4054651081081644
401,newsmagazine,1.4054651081081644
402,operation,1.4054651081081644
403,nimble,1.4054651081081644
404,merciless,1.4054651081081644
405,open,1.4054651081081644
406,nominate,1.4054651081081644
407,nominee,1.4054651081081644
408,ones,1.4054651081081644
409,olympus,1.4054651081081644
410,notably,1.4054651081081644
411,nude,1.4054651081081644
412,nurtured,1.4054651081081644
413,objective,1.4054651081081644
414,objectivity,1.4054651081081644
415,observer,1.4054651081081644
416,offense,1.4054651081081644
417,odyssey,1.4054651081081644
418,movies,1.4054651081081644
419,mouth,1.4054651081081644
420,motto,1.4054651081081644
421,mostly,1.4054651081081644
422,pass,1.4054651081081644
423,mid,1.4054651081081644
424,middle,1.4054651081081644
425,particularly,1.4054651081081644
426,migrated,1.4054651081081644
427,military,1.4054651081081644
428,parody,1.4054651081081644
429,millionaire,1.4054651081081644
430,minded,1.4054651081081644
431,panoramas,1.4054651081081644
432,pained,1.4054651081081644
433,pages,1.4054651081081644
434,missionary,1.4054651081081644
435,pad,1.4054651081081644
436,mixing,1.4054651081081644
437,mode,1.4054651081081644
438,models,1.4054651081081644
439,modern,1.4054651081081644
440,packaged,1.4054651081081644
441,modes,1.4054651081081644
442,oxford,1.4054651081081644
443,owner,1.4054651081081644
444,moppet,1.4054651081081644
445,moral,1.4054651081081644
446,moralities,1.4054651081081644
447,morse,1.4054651081081644
448,overly,1.4054651081081644
449,layouts,1.4054651081081644
450,lauded,1.4054651081081644
451,golf,1.4054651081081644
452,iliad,1.4054651081081644
453,hole,1.4054651081081644
454,homer,1.4054651081081644
455,homeric,1.4054651081081644
456,homes,1.4054651081081644
457,racing,1.4054651081081644
458,honeymoon,1.4054651081081644
459,quit,1.4054651081081644
460,hotz,1.4054651081081644
461,questions,1.4054651081081644
462,household,1.4054651081081644
463,humor,1.4054651081081644
464,hunt,1.4054651081081644
465,qualms,1.4054651081081644
466,illusions,1.4054651081081644
467,prolific,1.4054651081081644
468,puckish,1.4054651081081644
469,publishing,1.4054651081081644
470,impossible,1.4054651081081644
471,impressed,1.4054651081081644
472,impressions,1.4054651081081644
473,impulses,1.4054651081081644
474,proud,1.4054651081081644
475,incessantly,1.4054651081081644
476,protestant,1.4054651081081644
477,proposition,1.4054651081081644
478,promotional,1.4054651081081644
479,indicates,1.4054651081081644
480,indirect,1.4054651081081644
481,holdings,1.4054651081081644
482,holding,1.4054651081081644
483,hint,1.4054651081081644
484,steadfast,1.4054651081081644
485,goodbye,1.4054651081081644
486,reeled,1.4054651081081644
487,gopolitics,1.4054651081081644
488,graduated,1.4054651081081644
489,grasp,1.4054651081081644
490,gray,1.4054651081081644
491,greece,1.4054651081081644
492,gregarious,1.4054651081081644
493,grossed,1.4054651081081644
494,guild,1.4054651081081644
495,habits,1.4054651081081644
496,recast,1.4054651081081644
497,happen,1.4054651081081644
498,hara,1.4054651081081644
499,really,1.4054651081081644
500,reading,1.4054651081081644
501,harvard,1.4054651081081644
502,readers,1.4054651081081644
503,haystack,1.4054651081081644
504,hecht,1.4054651081081644
505,ransacked,1.4054651081081644
506,hedley,1.4054651081081644
507,ranging,1.4054651081081644
508,hell,1.4054651081081644
509,herself,1.4054651081081644
510,ralph,1.4054651081081644
511,hill,1.4054651081081644
512,industrialists,1.4054651081081644
513,programs,1.4054651081081644
514,larsen,1.4054651081081644
515,judgments,1.4054651081081644
516,prescience,1.4054651081081644
517,italy,1.4054651081081644
518,presbyterian,1.4054651081081644
519,11,1.4054651081081644
520,james,1.4054651081081644
521,japanese,1.4054651081081644
522,premiers,1.4054651081081644
523,jaw,1.4054651081081644
524,jawed,1.4054651081081644
525,prejudice,1.4054651081081644
526,journal,1.4054651081081644
527,journalistic,1.4054651081081644
528,precocious,1.4054651081081644
529,jut,1.4054651081081644
530,profit,1.4054651081081644
531,prayed,1.4054651081081644
532,kappa,1.4054651081081644
533,practice,1.4054651081081644
534,kings,1.4054651081081644
535,kiss,1.4054651081081644
536,knows,1.4054651081081644
537,kobler,1.4054651081081644
538,labor,1.4054651081081644
539,portrayal,1.4054651081081644
540,popes,1.4054651081081644
541,lakeville,1.4054651081081644
542,poorly,1.4054651081081644
543,lank,1.4054651081081644
544,irresistible,1.4054651081081644
545,presidential,1.4054651081081644
546,presidents,1.4054651081081644
547,involvement,1.4054651081081644
548,infection,1.4054651081081644
549,profile,1.4054651081081644
550,inferiors,1.4054651081081644
551,influenced,1.4054651081081644
552,informed,1.4054651081081644
553,ingenious,1.4054651081081644
554,ingersoll,1.4054651081081644
555,ingrained,1.4054651081081644
556,initially,1.4054651081081644
557,process,1.4054651081081644
558,injured,1.4054651081081644
559,inmost,1.4054651081081644
560,procedures,1.4054651081081644
561,insatiable,1.4054651081081644
562,principles,1.4054651081081644
563,inspiration,1.4054651081081644
564,prince,1.4054651081081644
565,intellectually,1.4054651081081644
566,primarily,1.4054651081081644
567,intensive,1.4054651081081644
568,price,1.4054651081081644
569,previously,1.4054651081081644
570,interviewer,1.4054651081081644
571,intoned,1.4054651081081644
572,inventor,1.4054651081081644
573,inverted,1.4054651081081644
574,investors,1.4054651081081644
575,cultural,1.4054651081081644
576,oddly,1.4054651081081644
577,truth,1.4054651081081644
578,causes,1.4054651081081644
579,alumni,1.4054651081081644
580,thinly,1.4054651081081644
581,alternatives,1.4054651081081644
582,thin,1.4054651081081644
583,thesis,1.4054651081081644
584,chairman,1.4054651081081644
585,chamber,1.4054651081081644
586,change,1.4054651081081644
587,alfred,1.4054651081081644
588,themselves,1.4054651081081644
589,voorhis,1.4054651081081644
590,airport,1.4054651081081644
591,charles,1.4054651081081644
592,airfield,1.4054651081081644
593,chefoo,1.4054651081081644
594,tersely,1.4054651081081644
595,child,1.4054651081081644
596,childhood,1.4054651081081644
597,children,1.4054651081081644
598,chipping,1.4054651081081644
599,ahead,1.4054651081081644
600,center,1.4054651081081644
601,vision,1.4054651081081644
602,adapted,1.4054651081081644
603,though,1.4054651081081644
604,candidates,1.4054651081081644
605,caning,1.4054651081081644
606,cant,1.4054651081081644
607,vincent,1.4054651081081644
608,animated,1.4054651081081644
609,anglophile,1.4054651081081644
610,virgil,1.4054651081081644
611,threshold,1.4054651081081644
612,amount,1.4054651081081644
613,capitalize,1.4054651081081644
614,americas,1.4054651081081644
615,capsulizing,1.4054651081081644
616,cardinals,1.4054651081081644
617,career,1.4054651081081644
618,careers,1.4054651081081644
619,carly,1.4054651081081644
620,america,1.4054651081081644
621,catch,1.4054651081081644
622,ambassadors,1.4054651081081644
623,amassed,1.4054651081081644
624,catholicism,1.4054651081081644
625,church,1.4054651081081644
626,cinemaddict,1.4054651081081644
627,tengchow,1.4054651081081644
628,temperately,1.4054651081081644
629,wealthiest,1.4054651081081644
630,wedding,1.4054651081081644
631,adored,1.4054651081081644
632,adopting,1.4054651081081644
633,teacher,1.4054651081081644
634,coin,1.4054651081081644
635,tastes,1.4054651081081644
636,admirer,1.4054651081081644
637,admired,1.4054651081081644
638,task,1.4054651081081644
639,admirals,1.4054651081081644
640,welcomes,1.4054651081081644
641,adlai,1.4054651081081644
642,wertenbaker,1.4054651081081644
643,adjective,1.4054651081081644
644,takes,1.4054651081081644
645,comes,1.4054651081081644
646,address,1.4054651081081644
647,taikun,1.4054651081081644
648,westbrook,1.4054651081081644
649,commit,1.4054651081081644
650,wayne,1.4054651081081644
651,technological,1.4054651081081644
652,teen,1.4054651081081644
653,telescoped,1.4054651081081644
654,walls,1.4054651081081644
655,agree,1.4054651081081644
656,claims,1.4054651081081644
657,clare,1.4054651081081644
658,clergyman,1.4054651081081644
659,tell,1.4054651081081644
660,agile,1.4054651081081644
661,aggressive,1.4054651081081644
662,want,1.4054651081081644
663,agee,1.4054651081081644
664,clumsy,1.4054651081081644
665,climax,1.4054651081081644
666,affairs,1.4054651081081644
667,clipping,1.4054651081081644
668,close,1.4054651081081644
669,watch,1.4054651081081644
670,aeneid,1.4054651081081644
671,advocating,1.4054651081081644
672,advocate,1.4054651081081644
673,clubbing,1.4054651081081644
674,tide,1.4054651081081644
675,answered,1.4054651081081644
676,times,1.4054651081081644
677,borrowed,1.4054651081081644
678,beyond,1.4054651081081644
679,tycoon,1.4054651081081644
680,attending,1.4054651081081644
681,twenty,1.4054651081081644
682,tuttle,1.4054651081081644
683,attend,1.4054651081081644
684,attempting,1.4054651081081644
685,usa,1.4054651081081644
686,blue,1.4054651081081644
687,attachment,1.4054651081081644
688,boarding,1.4054651081081644
689,body,1.4054651081081644
690,attached,1.4054651081081644
691,used,1.4054651081081644
692,books,1.4054651081081644
693,boothe,1.4054651081081644
694,usually,1.4054651081081644
695,utterly,1.4054651081081644
696,assumed,1.4054651081081644
697,assistant,1.4054651081081644
698,asserting,1.4054651081081644
699,typewritten,1.4054651081081644
700,beta,1.4054651081081644
701,urge,1.4054651081081644
702,beginning,1.4054651081081644
703,bankers,1.4054651081081644
704,unguarded,1.4054651081081644
705,unidirectional,1.4054651081081644
706,barry,1.4054651081081644
707,baseball,1.4054651081081644
708,undertook,1.4054651081081644
709,beady,1.4054651081081644
710,bed,1.4054651081081644
711,baldness,1.4054651081081644
712,underlings,1.4054651081081644
713,avenue,1.4054651081081644
714,backward,1.4054651081081644
715,babies,1.4054651081081644
716,unbend,1.4054651081081644
717,awe,1.4054651081081644
718,believes,1.4054651081081644
719,ben,1.4054651081081644
720,benefactor,1.4054651081081644
721,benefited,1.4054651081081644
722,benet,1.4054651081081644
723,value,1.4054651081081644
724,boss,1.4054651081081644
725,anticipate,1.4054651081081644
726,van,1.4054651081081644
727,approach,1.4054651081081644
728,broad,1.4054651081081644
729,broadcasts,1.4054651081081644
730,verse,1.4054651081081644
731,appetite,1.4054651081081644
732,browed,1.4054651081081644
733,brows,1.4054651081081644
734,transformed,1.4054651081081644
735,traced,1.4054651081081644
736,appeal,1.4054651081081644
737,view,1.4054651081081644
738,bureau,1.4054651081081644
739,total,1.4054651081081644
740,topics,1.4054651081081644
741,viewed,1.4054651081081644
742,views,1.4054651081081644
743,toothed,1.4054651081081644
744,toned,1.4054651081081644
745,bylined,1.4054651081081644
746,titled,1.4054651081081644
747,anticipated,1.4054651081081644
748,brilliant,1.4054651081081644
749,verbs,1.4054651081081644
750,tree,1.4054651081081644
751,vaudeville,1.4054651081081644
752,bought,1.4054651081081644
753,asking,1.4054651081081644
754,art,1.4054651081081644
755,vanity,1.4054651081081644
756,bounds,1.4054651081081644
757,boxing,1.4054651081081644
758,boy,1.4054651081081644
759,boyhood,1.4054651081081644
760,boys,1.4054651081081644
761,vehicles,1.4054651081081644
762,archaicism,1.4054651081081644
763,venture,1.4054651081081644
764,brashly,1.4054651081081644
765,brazen,1.4054651081081644
766,ardently,1.4054651081081644
767,ardent,1.4054651081081644
768,verb,1.4054651081081644
769,architecture,1.4054651081081644
770,archibald,1.4054651081081644
771,brazil,1.4054651081081644
772,addition,1.4054651081081644
773,wall,1.4054651081081644
774,unflattering,1.4054651081081644
775,42,1.4054651081081644
776,50th,1.4054651081081644
777,503,1.4054651081081644
778,1932,1.4054651081081644
779,48,1.4054651081081644
780,succeed,1.4054651081081644
781,45,1.4054651081081644
782,3d,1.4054651081081644
783,cram,1.4054651081081644
784,28,1.4054651081081644
785,263,1.4054651081081644
786,suburbs,1.4054651081081644
787,yellow,1.4054651081081644
788,covering,1.4054651081081644
789,cover,1.4054651081081644
790,succeeded,1.4054651081081644
791,1927,1.4054651081081644
792,suite,1.4054651081081644
793,stories,1.4054651081081644
794,youths,1.4054651081081644
795,winters,1.4054651081081644
796,above,1.4054651081081644
797,1920,1.4054651081081644
798,888,1.4054651081081644
799,youthful,1.4054651081081644
800,creation,1.4054651081081644
801,connecticut,1.4054651081081644
802,72,1.4054651081081644
803,70,1.4054651081081644
804,created,1.4054651081081644
805,straight,1.4054651081081644
806,yorker,1.4054651081081644
807,convert,1.4054651081081644
808,considerably,1.4054651081081644
809,subsequently,1.4054651081081644
810,considered,1.4054651081081644
811,studded,1.4054651081081644
812,students,1.4054651081081644
813,correspondents,1.4054651081081644
814,continuing,1.4054651081081644
815,correspondent,1.4054651081081644
816,1966,1.4054651081081644
817,strikers,1.4054651081081644
818,corporations,1.4054651081081644
819,considers,1.4054651081081644
820,corporation,1.4054651081081644
821,1965,1.4054651081081644
822,controversies,1.4054651081081644
823,copies,1.4054651081081644
824,convivial,1.4054651081081644
825,conversation,1.4054651081081644
826,study,1.4054651081081644
827,1969,1.4054651081081644
828,contended,1.4054651081081644
829,subject,1.4054651081081644
830,streptococcus,1.4054651081081644
831,wonderful,1.4054651081081644
832,written,1.4054651081081644
833,22,1.4054651081081644
834,consultant,1.4054651081081644
835,subjects,1.4054651081081644
836,1947,1.4054651081081644
837,constitutional,1.4054651081081644
838,wolcott,1.4054651081081644
839,courage,1.4054651081081644
840,consist,1.4054651081081644
841,1940,1.4054651081081644
842,course,1.4054651081081644
843,suggestions,1.4054651081081644
844,connected,1.4054651081081644
845,stevenson,1.4054651081081644
846,crisp,1.4054651081081644
847,cross,1.4054651081081644
848,concurred,1.4054651081081644
849,16,1.4054651081081644
850,widow,1.4054651081081644
851,critic,1.4054651081081644
852,stern,1.4054651081081644
853,criticized,1.4054651081081644
854,conception,1.4054651081081644
855,concept,1.4054651081081644
856,accomplishments,1.4054651081081644
857,supporter,1.4054651081081644
858,swanscott,1.4054651081081644
859,accustomed,1.4054651081081644
860,suppressions,1.4054651081081644
861,surgical,1.4054651081081644
862,composer,1.4054651081081644
863,achilles,1.4054651081081644
864,zealous,1.4054651081081644
865,composed,1.4054651081081644
866,complexity,1.4054651081081644
867,critics,1.4054651081081644
868,swimming,1.4054651081081644
869,achieved,1.4054651081081644
870,academic,1.4054651081081644
871,communications,1.4054651081081644
872,1898,1.4054651081081644
873,stephen,1.4054651081081644
874,communicated,1.4054651081081644
875,condensed,1.4054651081081644
876,steel,1.4054651081081644
877,acceptance,1.4054651081081644
878,union,0.0
879,predictions,0.0
880,wreckage,0.0
881,vegetables,0.0
882,orbit,0.0
883,presence,0.0
884,vastly,0.0
885,various,0.0
886,vein,0.0
887,property,0.0
888,outbreak,0.0
889,proper,0.0
890,unrelenting,0.0
891,unfulfilled,0.0
892,very,0.0
893,victims,0.0
894,opponents,0.0
895,wrongdoing,0.0
896,proposals,0.0
897,order,0.0
898,off,0.0
899,zhukov,0.0
900,zhivago,0.0
901,worst,0.0
902,premier,0.0
903,prelates,0.0
904,protested,0.0
905,organizer,0.0
906,preferred,0.0
907,units,0.0
908,worsening,0.0
909,promoting,0.0
910,our,0.0
911,organized,0.0
912,worse,0.0
913,works,0.0
914,organize,0.0
915,premiership,0.0
916,preparing,0.0
917,unmistakably,0.0
918,wrangle,0.0
919,ouster,0.0
920,producing,0.0
921,vanished,0.0
922,wrought,0.0
923,using,0.0
924,unwilling,0.0
925,use,0.0
926,principle,0.0
927,up,0.0
928,office,0.0
929,your,0.0
930,print,0.0
931,officer,0.0
932,offices,0.0
933,yuzovka,0.0
934,probably,0.0
935,ups,0.0
936,us,0.0
937,omitted,0.0
938,upset,0.0
939,urals,0.0
940,yugoslavia,0.0
941,olive,0.0
942,urging,0.0
943,products,0.0
944,officials,0.0
945,officially,0.0
946,yugoslav,0.0
947,prime,0.0
948,onward,0.0
949,presiding,0.0
950,offered,0.0
951,promote,0.0
952,unsubtle,0.0
953,promises,0.0
954,promised,0.0
955,official,0.0
956,offensive,0.0
957,opinion,0.0
958,press,0.0
959,pressure,0.0
960,promise,0.0
961,prevails,0.0
962,unsuitable,0.0
963,prominent,0.0
964,unsuited,0.0
965,yes,0.0
966,prevent,0.0
967,vainglorious,0.0
968,opening,0.0
969,yield,0.0
970,projected,0.0
971,opened,0.0
972,prices,0.0
973,profound,0.0
974,outcry,0.0
975,peoples,0.0
976,victories,0.0
977,pilot,0.0
978,proverbs,0.0
979,parity,0.0
980,winter,0.0
981,parliamentary,0.0
982,winning,0.0
983,wind,0.0
984,pigs,0.0
985,pasternak,0.0
986,particular,0.0
987,willingness,0.0
988,willing,0.0
989,willfulness,0.0
990,partisan,0.0
991,warfare,0.0
992,pique,0.0
993,walk,0.0
994,pits,0.0
995,paris,0.0
996,wait,0.0
997,wage,0.0
998,paranoia,0.0
999,wished,0.0
1000,place,0.0
1001,plan,0.0
1002,page,0.0
1003,wit,0.0
1004,vyacheslav,0.0
1005,plane,0.0
1006,vote,0.0
1007,voracity,0.0
1008,withdraw,0.0
1009,warsaw,0.0
1010,path,0.0
1011,precipitately,0.0
1012,permitted,0.0
1013,persuaded,0.0
1014,personality,0.0
1015,pensioned,0.0
1016,whiplash,0.0
1017,west,0.0
1018,personal,0.0
1019,whether,0.0
1020,widespread,0.0
1021,pensioner,0.0
1022,whereas,0.0
1023,perhaps,0.0
1024,performance,0.0
1025,wheeling,0.0
1026,western,0.0
1027,wept,0.0
1028,petrovo,0.0
1029,peking,0.0
1030,peasants,0.0
1031,peasant,0.0
1032,philippine,0.0
1033,welcome,0.0
1034,weight,0.0
1035,peaceful,0.0
1036,peace,0.0
1037,weekend,0.0
1038,weaken,0.0
1039,ways,0.0
1040,white,0.0
1041,whom,0.0
1042,patronage,0.0
1043,paths,0.0
1044,pact,0.0
1045,withdrawn,0.0
1046,volume,0.0
1047,posts,0.0
1048,powerful,0.0
1049,power,0.0
1050,villa,0.0
1051,outweigh,0.0
1052,pounded,0.0
1053,wheat,0.0
1054,posthumously,0.0
1055,voices,0.0
1056,possible,0.0
1057,portrayed,0.0
1058,village,0.0
1059,overcome,0.0
1060,villages,0.0
1061,worked,0.0
1062,outvoted,0.0
1063,vigorously,0.0
1064,powerless,0.0
1065,practical,0.0
1066,practicality,0.0
1067,outside,0.0
1068,practicing,0.0
1069,praise,0.0
1070,praising,0.0
1071,pravda,0.0
1072,workers,0.0
1073,working,0.0
1074,output,0.0
1075,preached,0.0
1076,precarious,0.0
1077,vienna,0.0
1078,precipitate,0.0
1079,wooing,0.0
1080,overdrawn,0.0
1081,polls,0.0
1082,plot,0.0
1083,plant,0.0
1084,planting,0.0
1085,voice,0.0
1086,visits,0.0
1087,visited,0.0
1088,visit,0.0
1089,pleaded,0.0
1090,please,0.0
1091,pledge,0.0
1092,pledging,0.0
1093,within,0.0
1094,owed,0.0
1095,wladislaw,0.0
1096,plenty,0.0
1097,plowed,0.0
1098,politburo,0.0
1099,podium,0.0
1100,point,0.0
1101,virtues,0.0
1102,overwhelmingly,0.0
1103,pointed,0.0
1104,points,0.0
1105,poland,0.0
1106,polemics,0.0
1107,poles,0.0
1108,virtual,0.0
1109,policy,0.0
1110,overmuch,0.0
1111,virgin,0.0
1112,polish,0.0
1113,potatoes,0.0
1114,status,0.0
1115,provide,0.0
1116,supply,0.0
1117,sergeyevich,0.0
1118,serf,0.0
1119,september,0.0
1120,sent,0.0
1121,sense,0.0
1122,survived,0.0
1123,seen,0.0
1124,suspected,0.0
1125,seem,0.0
1126,seeking,0.0
1127,seeing,0.0
1128,sweat,0.0
1129,security,0.0
1130,switzerland,0.0
1131,sections,0.0
1132,secretary,0.0
1133,secretariat,0.0
1134,secret,0.0
1135,secluded,0.0
1136,seriously,0.0
1137,supplies,0.0
1138,symbolized,0.0
1139,supervision,0.0
1140,suggested,0.0
1141,suggesting,0.0
1142,shattered,0.0
1143,suited,0.0
1144,summer,0.0
1145,shame,0.0
1146,shaken,0.0
1147,severely,0.0
1148,severe,0.0
1149,several,0.0
1150,sever,0.0
1151,seven,0.0
1152,settlements,0.0
1153,setbacks,0.0
1154,set,0.0
1155,session,0.0
1156,summit,0.0
1157,superpower,0.0
1158,october,0.0
1159,sea,0.0
1160,system,0.0
1161,shepilov,0.0
1162,technicians,0.0
1163,salesman,0.0
1164,sake,0.0
1165,sagacity,0.0
1166,safety,0.0
1167,rutchenkovo,0.0
1168,russian,0.0
1169,russia,0.0
1170,teeny,0.0
1171,teeth,0.0
1172,ruled,0.0
1173,rule,0.0
1174,rubbish,0.0
1175,routing,0.0
1176,round,0.0
1177,rough,0.0
1178,rotund,0.0
1179,roswell,0.0
1180,telling,0.0
1181,temper,0.0
1182,same,0.0
1183,technical,0.0
1184,scourge,0.0
1185,teaches,0.0
1186,table,0.0
1187,scope,0.0
1188,schoolteacher,0.0
1189,take,0.0
1190,taken,0.0
1191,schemes,0.0
1192,taking,0.0
1193,scenes,0.0
1194,talents,0.0
1195,tanks,0.0
1196,scale,0.0
1197,sayings,0.0
1198,saying,0.0
1199,target,0.0
1200,tasks,0.0
1201,say,0.0
1202,saw,0.0
1203,save,0.0
1204,sausage,0.0
1205,sheep,0.0
1206,suggest,0.0
1207,robert,0.0
1208,spring,0.0
1209,strained,0.0
1210,splitting,0.0
1211,split,0.0
1212,strategy,0.0
1213,spirit,0.0
1214,sphere,0.0
1215,spending,0.0
1216,speeches,0.0
1217,speech,0.0
1218,speculation,0.0
1219,specifically,0.0
1220,strengthen,0.0
1221,speaking,0.0
1222,strengthened,0.0
1223,strengthening,0.0
1224,speaker,0.0
1225,stressed,0.0
1226,stride,0.0
1227,sown,0.0
1228,spotlight,0.0
1229,stooge,0.0
1230,south,0.0
1231,stood,0.0
1232,step,0.0
1233,steps,0.0
1234,statement,0.0
1235,state,0.0
1236,standards,0.0
1237,still,0.0
1238,standard,0.0
1239,stand,0.0
1240,stalinized,0.0
1241,stalinization,0.0
1242,stalinism,0.0
1243,stalingrad,0.0
1244,staling,0.0
1245,stalin,0.0
1246,stage,0.0
1247,stable,0.0
1248,spy,0.0
1249,stirred,0.0
1250,sputnik,0.0
1251,soviet,0.0
1252,sources,0.0
1253,shibboleth,0.0
1254,sino,0.0
1255,simple,0.0
1256,subsequent,0.0
1257,substantial,0.0
1258,subway,0.0
1259,siberia,0.0
1260,shucked,0.0
1261,showed,0.0
1262,shouts,0.0
1263,should,0.0
1264,shot,0.0
1265,shortcomings,0.0
1266,short,0.0
1267,shops,0.0
1268,shooting,0.0
1269,successor,0.0
1270,shoe,0.0
1271,successors,0.0
1272,shock,0.0
1273,sufficiently,0.0
1274,singer,0.0
1275,sit,0.0
1276,soon,0.0
1277,situation,0.0
1278,strike,0.0
1279,somewhat,0.0
1280,solzhenitsyn,0.0
1281,strikes,0.0
1282,stroke,0.0
1283,strong,0.0
1284,society,0.0
1285,structure,0.0
1286,socialist,0.0
1287,socialism,0.0
1288,struggles,0.0
1289,smoothed,0.0
1290,stubborn,0.0
1291,student,0.0
1292,smile,0.0
1293,slow,0.0
1294,skipped,0.0
1295,skilled,0.0
1296,situations,0.0
1297,tensions,0.0
1298,rivalries,0.0
1299,provided,0.0
1300,rebuilding,0.0
1301,rebuild,0.0
1302,reassessment,0.0
1303,reasonable,0.0
1304,trotsky,0.0
1305,real,0.0
1306,trouble,0.0
1307,stature,0.0
1308,read,0.0
1309,reaction,0.0
1310,reached,0.0
1311,try,0.0
1312,rather,0.0
1313,rapport,0.0
1314,rapid,0.0
1315,trying,0.0
1316,rank,0.0
1317,tse,0.0
1318,tu,0.0
1319,ranged,0.0
1320,troops,0.0
1321,recalling,0.0
1322,range,0.0
1323,received,0.0
1324,treaty,0.0
1325,referred,0.0
1326,trekked,0.0
1327,tremendous,0.0
1328,reducing,0.0
1329,reduce,0.0
1330,red,0.0
1331,rectifications,0.0
1332,recruit,0.0
1333,records,0.0
1334,trials,0.0
1335,reconnaissance,0.0
1336,reconciliation,0.0
1337,triumph,0.0
1338,reclusive,0.0
1339,triumphant,0.0
1340,reckoned,0.0
1341,reception,0.0
1342,receiving,0.0
1343,tung,0.0
1344,rally,0.0
1345,treated,0.0
1346,quantities,0.0
1347,pusillanimous,0.0
1348,push,0.0
1349,pursue,0.0
1350,understand,0.0
1351,purported,0.0
1352,purges,0.0
1353,purged,0.0
1354,purge,0.0
1355,understandings,0.0
1356,pupils,0.0
1357,pull,0.0
1358,puddle,0.0
1359,undertaken,0.0
1360,uneasiness,0.0
1361,pubic,0.0
1362,provoked,0.0
1363,provoke,0.0
1364,province,0.0
1365,unerringly,0.0
1366,uncompromising,0.0
1367,quarrels,0.0
1368,turkey,0.0
1369,uncomfortable,0.0
1370,turned,0.0
1371,raised,0.0
1372,raise,0.0
1373,rainfall,0.0
1374,turning,0.0
1375,rage,0.0
1376,twitted,0.0
1377,ukraine,0.0
1378,quite,0.0
1379,ukrainian,0.0
1380,quietly,0.0
1381,quiet,0.0
1382,quickly,0.0
1383,unable,0.0
1384,questioning,0.0
1385,questioned,0.0
1386,questionable,0.0
1387,unclear,0.0
1388,quarter,0.0
1389,treatment,0.0
1390,refused,0.0
1391,terrible,0.0
1392,retaining,0.0
1393,restricted,0.0
1394,restiveness,0.0
1395,responsibility,0.0
1396,third,0.0
1397,thirties,0.0
1398,resources,0.0
1399,thoughts,0.0
1400,resolved,0.0
1401,thousands,0.0
1402,thrashes,0.0
1403,reservations,0.0
1404,required,0.0
1405,threat,0.0
1406,reputation,0.0
1407,republic,0.0
1408,reprinted,0.0
1409,threaten,0.0
1410,repressive,0.0
1411,repression,0.0
1412,result,0.0
1413,thing,0.0
1414,threatened,0.0
1415,retook,0.0
1416,risk,0.0
1417,territory,0.0
1418,terror,0.0
1419,test,0.0
1420,testing,0.0
1421,richard,0.0
1422,than,0.0
1423,thaw,0.0
1424,theme,0.0
1425,revolutions,0.0
1426,revolutionary,0.0
1427,revolution,0.0
1428,theoretical,0.0
1429,revolt,0.0
1430,theoreticians,0.0
1431,theory,0.0
1432,thereafter,0.0
1433,return,0.0
1434,retrospect,0.0
1435,represented,0.0
1436,reports,0.0
1437,traveling,0.0
1438,relieved,0.0
1439,relied,0.0
1440,relatively,0.0
1441,relative,0.0
1442,relationships,0.0
1443,relationship,0.0
1444,relations,0.0
1445,related,0.0
1446,torture,0.0
1447,reiterated,0.0
1448,toughness,0.0
1449,rehabilitation,0.0
1450,tour,0.0
1451,rehabilitated,0.0
1452,regional,0.0
1453,traditional,0.0
1454,traits,0.0
1455,region,0.0
1456,regime,0.0
1457,traveler,0.0
1458,relief,0.0
1459,tolerated,0.0
1460,threatening,0.0
1461,tito,0.0
1462,through,0.0
1463,reply,0.0
1464,replaced,0.0
1465,reorganization,0.0
1466,render,0.0
1467,removed,0.0
1468,thumping,0.0
1469,thundering,0.0
1470,thus,0.0
1471,removal,0.0
1472,timely,0.0
1473,tiniest,0.0
1474,reminiscences,0.0
1475,reminisced,0.0
1476,remembers,0.0
1477,remedy,0.0
1478,tiny,0.0
1479,remarried,0.0
1480,tireless,0.0
1481,10,0.0
1482,jailed,0.0
1483,occupied,0.0
1484,compulsion,0.0
1485,consumer,0.0
1486,construction,0.0
1487,consolidating,0.0
1488,considerations,0.0
1489,conservative,0.0
1490,consequences,0.0
1491,consensus,0.0
1492,conscription,0.0
1493,conquer,0.0
1494,congress,0.0
1495,confronted,0.0
1496,conflict,0.0
1497,confidence,0.0
1498,confess,0.0
1499,conferred,0.0
1500,conference,0.0
1501,confer,0.0
1502,conduct,0.0
1503,conditioned,0.0
1504,concocted,0.0
1505,concluding,0.0
1506,concerned,0.0
1507,concern,0.0
1508,concentrated,0.0
1509,concentrate,0.0
1510,content,0.0
1511,continued,0.0
1512,contribute,0.0
1513,counterrevolution,0.0
1514,crimes,0.0
1515,credits,0.0
1516,credit,0.0
1517,credence,0.0
1518,creating,0.0
1519,create,0.0
1520,creaking,0.0
1521,craft,0.0
1522,cows,0.0
1523,country,0.0
1524,countries,0.0
1525,counterparts,0.0
1526,contributed,0.0
1527,counterpart,0.0
1528,count,0.0
1529,corrective,0.0
1530,corps,0.0
1531,cornfield,0.0
1532,corn,0.0
1533,cordial,0.0
1534,cooperated,0.0
1535,convinced,0.0
1536,controls,0.0
1537,control,0.0
1538,comrades,0.0
1539,compiled,0.0
1540,criticism,0.0
1541,competition,0.0
1542,climatically,0.0
1543,climactic,0.0
1544,claimed,0.0
1545,civil,0.0
1546,civic,0.0
1547,cities,0.0
1548,cited,0.0
1549,circumstances,0.0
1550,circulated,0.0
1551,chubby,0.0
1552,chose,0.0
1553,chided,0.0
1554,chest,0.0
1555,chemical,0.0
1556,chat,0.0
1557,chastise,0.0
1558,charge,0.0
1559,characterized,0.0
1560,changing,0.0
1561,changes,0.0
1562,championed,0.0
1563,challenge,0.0
1564,chair,0.0
1565,chain,0.0
1566,central,0.0
1567,climb,0.0
1568,closest,0.0
1569,co,0.0
1570,colloquies,0.0
1571,comparatively,0.0
1572,communists,0.0
1573,communist,0.0
1574,communisms,0.0
1575,commitment,0.0
1576,commissars,0.0
1577,commentators,0.0
1578,command,0.0
1579,come,0.0
1580,combination,0.0
1581,colonial,0.0
1582,collegiality,0.0
1583,coal,0.0
1584,college,0.0
1585,collectivization,0.0
1586,collective,0.0
1587,colleagues,0.0
1588,collapse,0.0
1589,cold,0.0
1590,coincided,0.0
1591,coexistence,0.0
1592,cocky,0.0
1593,coast,0.0
1594,coalfields,0.0
1595,crisis,0.0
1596,crop,0.0
1597,occasions,0.0
1598,detente,0.0
1599,display,0.0
1600,dismissal,0.0
1601,dismayed,0.0
1602,dislocation,0.0
1603,dish,0.0
1604,disgrace,0.0
1605,discovered,0.0
1606,discouraged,0.0
1607,discontent,0.0
1608,discerned,0.0
1609,disastrous,0.0
1610,directed,0.0
1611,diplomats,0.0
1612,diplomatic,0.0
1613,diplomat,0.0
1614,diplomacy,0.0
1615,dimmed,0.0
1616,dimensions,0.0
1617,dignity,0.0
1618,different,0.0
1619,differences,0.0
1620,differed,0.0
1621,dictum,0.0
1622,dictator,0.0
1623,develop,0.0
1624,displayed,0.0
1625,disposed,0.0
1626,dissociating,0.0
1627,doubled,0.0
1628,earlier,0.0
1629,duty,0.0
1630,durable,0.0
1631,duel,0.0
1632,dual,0.0
1633,drop,0.0
1634,drink,0.0
1635,downs,0.0
1636,downright,0.0
1637,downfall,0.0
1638,doubted,0.0
1639,donbas,0.0
1640,district,0.0
1641,domineering,0.0
1642,domains,0.0
1643,dog,0.0
1644,doesn,0.0
1645,documented,0.0
1646,doctrine,0.0
1647,doctors,0.0
1648,doctor,0.0
1649,dmitri,0.0
1650,djilas,0.0
1651,ditched,0.0
1652,detonated,0.0
1653,details,0.0
1654,cropland,0.0
1655,detail,0.0
1656,december,0.0
1657,debate,0.0
1658,debacle,0.0
1659,deaths,0.0
1660,dearly,0.0
1661,dealt,0.0
1662,dealing,0.0
1663,dead,0.0
1664,de,0.0
1665,days,0.0
1666,day,0.0
1667,david,0.0
1668,daring,0.0
1669,dance,0.0
1670,damaged,0.0
1671,czars,0.0
1672,cut,0.0
1673,cumbersome,0.0
1674,cult,0.0
1675,culminated,0.0
1676,cuff,0.0
1677,cuban,0.0
1678,cuba,0.0
1679,cry,0.0
1680,crushed,0.0
1681,decidedly,0.0
1682,decorum,0.0
1683,defection,0.0
1684,denigrated,0.0
1685,destroying,0.0
1686,destroyed,0.0
1687,deskbound,0.0
1688,desk,0.0
1689,design,0.0
1690,deserved,0.0
1691,derived,0.0
1692,deposed,0.0
1693,department,0.0
1694,denounced,0.0
1695,denisovich,0.0
1696,demonstrations,0.0
1697,defense,0.0
1698,delved,0.0
1699,deliver,0.0
1700,delighted,0.0
1701,deliberate,0.0
1702,delegation,0.0
1703,delegates,0.0
1704,delegate,0.0
1705,deflect,0.0
1706,definition,0.0
1707,deficiency,0.0
1708,defenses,0.0
1709,centers,0.0
1710,cement,0.0
1711,caused,0.0
1712,acute,0.0
1713,albeit,0.0
1714,alarm,0.0
1715,airliner,0.0
1716,aim,0.0
1717,aid,0.0
1718,agrotowns,0.0
1719,agriculture,0.0
1720,agricultural,0.0
1721,agency,0.0
1722,afternoon,0.0
1723,afraid,0.0
1724,affair,0.0
1725,advising,0.0
1726,adventure,0.0
1727,advanced,0.0
1728,advance,0.0
1729,adulation,0.0
1730,adopted,0.0
1731,adopt,0.0
1732,admonishing,0.0
1733,admit,0.0
1734,administrative,0.0
1735,administration,0.0
1736,adjourned,0.0
1737,addressing,0.0
1738,aleksandr,0.0
1739,alignment,0.0
1740,alike,0.0
1741,antiparty,0.0
1742,archives,0.0
1743,arab,0.0
1744,apprehensive,0.0
1745,appears,0.0
1746,appeared,0.0
1747,appearances,0.0
1748,appear,0.0
1749,apparent,0.0
1750,apparatus,0.0
1751,apologized,0.0
1752,apart,0.0
1753,anthony,0.0
1754,alive,0.0
1755,another,0.0
1756,anniversary,0.0
1757,anger,0.0
1758,amounted,0.0
1759,amity,0.0
1760,amicable,0.0
1761,amenable,0.0
1762,am,0.0
1763,alter,0.0
1764,along,0.0
1765,allocate,0.0
1766,additional,0.0
1767,activity,0.0
1768,cause,0.0
1769,activities,0.0
1770,1958,0.0
1771,1957,0.0
1772,1956,0.0
1773,1955,0.0
1774,1951,0.0
1775,1950,0.0
1776,1949,0.0
1777,1948,0.0
1778,1942,0.0
1779,1941,0.0
1780,1938,0.0
1781,1934,0.0
1782,1933,0.0
1783,1926,0.0
1784,1925,0.0
1785,1924,0.0
1786,1921,0.0
1787,1918,0.0
1788,1917,0.0
1789,1916,0.0
1790,1894,0.0
1791,17,0.0
1792,14th,0.0
1793,139,0.0
1794,114,0.0
1795,1961,0.0
1796,1962,0.0
1797,1963,0.0
1798,academy,0.0
1799,acres,0.0
1800,acquainted,0.0
1801,acidulous,0.0
1802,accused,0.0
1803,accounted,0.0
1804,accomplishing,0.0
1805,accomplished,0.0
1806,accompanied,0.0
1807,accommodation,0.0
1808,accepted,0.0
1809,accept,0.0
1810,abused,0.0
1811,1970,0.0
1812,abstract,0.0
1813,abandoned,0.0
1814,75,0.0
1815,639,0.0
1816,63,0.0
1817,40th,0.0
1818,30,0.0
1819,25,0.0
1820,24,0.0
1821,200,0.0
1822,20,0.0
1823,area,0.0
1824,areas,0.0
1825,arms,0.0
1826,army,0.0
1827,bumptious,0.0
1828,bullied,0.0
1829,bulganin,0.0
1830,built,0.0
1831,build,0.0
1832,brown,0.0
1833,brought,0.0
1834,broke,0.0
1835,britain,0.0
1836,bricks,0.0
1837,brezhnev,0.0
1838,breakup,0.0
1839,bread,0.0
1840,bravura,0.0
1841,brash,0.0
1842,brandished,0.0
1843,branches,0.0
1844,bounciness,0.0
1845,bosses,0.0
1846,boris,0.0
1847,borders,0.0
1848,border,0.0
1849,boots,0.0
1850,bonds,0.0
1851,bomb,0.0
1852,burden,0.0
1853,bureaucracy,0.0
1854,bureaucratic,0.0
1855,candor,0.0
1856,catholic,0.0
1857,castroism,0.0
1858,castro,0.0
1859,cast,0.0
1860,car,0.0
1861,capitalists,0.0
1862,capitalist,0.0
1863,capitalism,0.0
1864,capital,0.0
1865,capita,0.0
1866,capacity,0.0
1867,canada,0.0
1868,bureaucrats,0.0
1869,camp,0.0
1870,calves,0.0
1871,california,0.0
1872,calculated,0.0
1873,cadres,0.0
1874,cabbage,0.0
1875,bystanders,0.0
1876,butter,0.0
1877,butcher,0.0
1878,bustling,0.0
1879,bury,0.0
1880,bolshevik,0.0
1881,bluntness,0.0
1882,bloc,0.0
1883,attach,0.0
1884,baggy,0.0
1885,bad,0.0
1886,away,0.0
1887,avoided,0.0
1888,averell,0.0
1889,authority,0.0
1890,authentic,0.0
1891,austria,0.0
1892,attractions,0.0
1893,attempts,0.0
1894,attempted,0.0
1895,atlantic,0.0
1896,ballerina,0.0
1897,ate,0.0
1898,astonished,0.0
1899,assurances,0.0
1900,assistance,0.0
1901,asserted,0.0
1902,assembly,0.0
1903,aspect,0.0
1904,arriving,0.0
1905,arrests,0.0
1906,arrested,0.0
1907,arranged,0.0
1908,bald,0.0
1909,ballet,0.0
1910,blessing,0.0
1911,behind,0.0
1912,blame,0.0
1913,bitterness,0.0
1914,biography,0.0
1915,biggest,0.0
1916,better,0.0
1917,best,0.0
1918,berlin,0.0
1919,beria,0.0
1920,believe,0.0
1921,belgrade,0.0
1922,belgians,0.0
1923,beginnings,0.0
1924,ban,0.0
1925,befitted,0.0
1926,beer,0.0
1927,bearing,0.0
1928,bay,0.0
1929,based,0.0
1930,barnstormed,0.0
1931,bare,0.0
1932,barbarism,0.0
1933,bangs,0.0
1934,banging,0.0
1935,banged,0.0
1936,earn,0.0
1937,earnest,0.0
1938,earth,0.0
1939,jabbed,0.0
1940,kursk,0.0
1941,kukuruznik,0.0
1942,kremlin,0.0
1943,korea,0.0
1944,knowledge,0.0
1945,kitchen,0.0
1946,kinds,0.0
1947,kill,0.0
1948,kiev,0.0
1949,khrushchev,0.0
1950,kharkov,0.0
1951,key,0.0
1952,kennedy,0.0
1953,keep,0.0
1954,kamenev,0.0
1955,kalinovka,0.0
1956,kaganovich,0.0
1957,just,0.0
1958,june,0.0
1959,journeys,0.0
1960,journeyed,0.0
1961,josef,0.0
1962,joined,0.0
1963,jewish,0.0
1964,jerk,0.0
1965,lack,0.0
1966,lacked,0.0
1967,ladder,0.0
1968,leave,0.0
1969,lie,0.0
1970,leverage,0.0
1971,lev,0.0
1972,let,0.0
1973,less,0.0
1974,leonid,0.0
1975,leon,0.0
1976,lenin,0.0
1977,legality,0.0
1978,led,0.0
1979,leaving,0.0
1980,least,0.0
1981,laid,0.0
1982,leadership,0.0
1983,leader,0.0
1984,lead,0.0
1985,lazar,0.0
1986,laying,0.0
1987,lavrenti,0.0
1988,laugh,0.0
1989,largely,0.0
1990,lands,0.0
1991,landlord,0.0
1992,land,0.0
1993,jaunty,0.0
1994,ivan,0.0
1995,implied,0.0
1996,itself,0.0
1997,industry,0.0
1998,industries,0.0
1999,industrial,0.0
2000,indonesia,0.0
2001,individual,0.0
2002,indignant,0.0
2003,indictment,0.0
2004,indicated,0.0
2005,india,0.0
2006,indeed,0.0
2007,incredulity,0.0
2008,increasingly,0.0
2009,increasing,0.0
2010,increased,0.0
2011,increase,0.0
2012,incentives,0.0
2013,inability,0.0
2014,imre,0.0
2015,impulsive,0.0
2016,improvise,0.0
2017,improving,0.0
2018,improved,0.0
2019,impromptu,0.0
2020,imported,0.0
2021,importance,0.0
2022,inevitable,0.0
2023,inevitably,0.0
2024,infallibility,0.0
2025,intended,0.0
2026,issued,0.0
2027,island,0.0
2028,irrepressible,0.0
2029,iron,0.0
2030,iowa,0.0
2031,invasion,0.0
2032,introduced,0.0
2033,intimately,0.0
2034,interrupted,0.0
2035,international,0.0
2036,intentions,0.0
2037,intellectuals,0.0
2038,infallible,0.0
2039,instead,0.0
2040,instance,0.0
2041,install,0.0
2042,insisted,0.0
2043,insist,0.0
2044,inside,0.0
2045,innocent,0.0
2046,initiative,0.0
2047,initial,0.0
2048,ingredient,0.0
2049,infectious,0.0
2050,lieutenant,0.0
2051,lightly,0.0
2052,like,0.0
2053,limitation,0.0
2054,nations,0.0
2055,nationality,0.0
2056,nationalist,0.0
2057,national,0.0
2058,named,0.0
2059,nagy,0.0
2060,myself,0.0
2061,my,0.0
2062,muted,0.0
2063,mute,0.0
2064,murder,0.0
2065,mud,0.0
2066,moving,0.0
2067,moved,0.0
2068,motivations,0.0
2069,moscow,0.0
2070,mortal,0.0
2071,moreover,0.0
2072,months,0.0
2073,month,0.0
2074,molotov,0.0
2075,modernization,0.0
2076,model,0.0
2077,mixed,0.0
2078,missiles,0.0
2079,nato,0.0
2080,nazi,0.0
2081,nearly,0.0
2082,north,0.0
2083,obvious,0.0
2084,obtained,0.0
2085,obstacle,0.0
2086,observers,0.0
2087,obscure,0.0
2088,oblivious,0.0
2089,obliged,0.0
2090,number,0.0
2091,nuclear,0.0
2092,notion,0.0
2093,nothing,0.0
2094,nor,0.0
2095,necessarily,0.0
2096,non,0.0
2097,nixon,0.0
2098,ninth,0.0
2099,nina,0.0
2100,nikolai,0.0
2101,nikita,0.0
2102,nickname,0.0
2103,newspapers,0.0
2104,neutralism,0.0
2105,nerve,0.0
2106,needs,0.0
2107,missile,0.0
2108,miscalculation,0.0
2109,minister,0.0
2110,main,0.0
2111,marxism,0.0
2112,marshal,0.0
2113,marked,0.0
2114,mark,0.0
2115,marinsky,0.0
2116,marched,0.0
2117,mao,0.0
2118,manhattan,0.0
2119,maneuver,0.0
2120,malenkov,0.0
2121,making,0.0
2122,maims,0.0
2123,match,0.0
2124,macmillan,0.0
2125,machinery,0.0
2126,lowly,0.0
2127,lowest,0.0
2128,low,0.0
2129,longtime,0.0
2130,lonely,0.0
2131,located,0.0
2132,listing,0.0
2133,listening,0.0
2134,liners,0.0
2135,marxist,0.0
2136,material,0.0
2137,mining,0.0
2138,mentioned,0.0
2139,minimum,0.0
2140,mines,0.0
2141,miners,0.0
2142,milovan,0.0
2143,milk,0.0
2144,midnight,0.0
2145,mideast,0.0
2146,microphone,0.0
2147,meteoric,0.0
2148,met,0.0
2149,merits,0.0
2150,mention,0.0
2151,matters,0.0
2152,membership,0.0
2153,members,0.0
2154,member,0.0
2155,meetings,0.0
2156,medium,0.0
2157,mediterranean,0.0
2158,meat,0.0
2159,measures,0.0
2160,measure,0.0
2161,md,0.0
2162,maybe,0.0
2163,impolitic,0.0
2164,implications,0.0
2165,earthy,0.0
2166,evils,0.0
2167,fact,0.0
2168,faced,0.0
2169,face,0.0
2170,fabrication,0.0
2171,extrovert,0.0
2172,extroversions,0.0
2173,extremely,0.0
2174,extravagant,0.0
2175,extensively,0.0
2176,expulsion,0.0
2177,explosions,0.0
2178,experts,0.0
2179,expelled,0.0
2180,expectations,0.0
2181,expansion,0.0
2182,existing,0.0
2183,existence,0.0
2184,exhibition,0.0
2185,exhibited,0.0
2186,exertions,0.0
2187,executed,0.0
2188,excluded,0.0
2189,exchange,0.0
2190,excerpts,0.0
2191,exactly,0.0
2192,factory,0.0
2193,failed,0.0
2194,failure,0.0
2195,favored,0.0
2196,fit,0.0
2197,firsthand,0.0
2198,fingers,0.0
2199,finally,0.0
2200,file,0.0
2201,fidel,0.0
2202,fell,0.0
2203,feelings,0.0
2204,feed,0.0
2205,feb,0.0
2206,fears,0.0
2207,favorable,0.0
2208,fall,0.0
2209,fashion,0.0
2210,farms,0.0
2211,farming,0.0
2212,farmers,0.0
2213,farmer,0.0
2214,farm,0.0
2215,fanfare,0.0
2216,famine,0.0
2217,faltered,0.0
2218,fallow,0.0
2219,fallen,0.0
2220,exacerbated,0.0
2221,evidence,0.0
2222,imperialist,0.0
2223,everywhere,0.0
2224,enabled,0.0
2225,emphasizing,0.0
2226,emphasis,0.0
2227,embarrassed,0.0
2228,embarking,0.0
2229,emanating,0.0
2230,elimination,0.0
2231,election,0.0
2232,elected,0.0
2233,either,0.0
2234,egypt,0.0
2235,efforts,0.0
2236,efficient,0.0
2237,effectively,0.0
2238,effective,0.0
2239,effect,0.0
2240,education,0.0
2241,edges,0.0
2242,eden,0.0
2243,economy,0.0
2244,economies,0.0
2245,eclipse,0.0
2246,eastern,0.0
2247,east,0.0
2248,easing,0.0
2249,encomiums,0.0
2250,encourage,0.0
2251,encyclopedia,0.0
2252,equal,0.0
2253,everything,0.0
2254,event,0.0
2255,european,0.0
2256,europe,0.0
2257,establishing,0.0
2258,established,0.0
2259,escaped,0.0
2260,escalation,0.0
2261,escalated,0.0
2262,erupted,0.0
2263,era,0.0
2264,episode,0.0
2265,endorsed,0.0
2266,envoy,0.0
2267,entity,0.0
2268,entitled,0.0
2269,entire,0.0
2270,enough,0.0
2271,enhance,0.0
2272,engaged,0.0
2273,engage,0.0
2274,energies,0.0
2275,enemy,0.0
2276,enemies,0.0
2277,flamboyant,0.0
2278,flew,0.0
2279,flexible,0.0
2280,flowed,0.0
2281,hit,0.0
2282,hinges,0.0
2283,higher,0.0
2284,hierarchy,0.0
2285,herded,0.0
2286,help,0.0
2287,held,0.0
2288,height,0.0
2289,heckling,0.0
2290,heard,0.0
2291,headway,0.0
2292,headed,0.0
2293,having,0.0
2294,hasty,0.0
2295,harvests,0.0
2296,harvest,0.0
2297,harshness,0.0
2298,harsh,0.0
2299,harriman,0.0
2300,harold,0.0
2301,harmful,0.0
2302,happy,0.0
2303,hands,0.0
2304,handling,0.0
2305,hand,0.0
2306,hoarse,0.0
2307,hold,0.0
2308,holiday,0.0
2309,hustle,0.0
2310,imperialism,0.0
2311,impatient,0.0
2312,impatience,0.0
2313,impact,0.0
2314,immediately,0.0
2315,immediate,0.0
2316,illuminated,0.0
2317,ideological,0.0
2318,icbm,0.0
2319,hydrogen,0.0
2320,hut,0.0
2321,hunting,0.0
2322,homespun,0.0
2323,hungary,0.0
2324,hungarians,0.0
2325,hundreds,0.0
2326,hundred,0.0
2327,hour,0.0
2328,hot,0.0
2329,hostility,0.0
2330,horrifying,0.0
2331,horrendous,0.0
2332,hope,0.0
2333,honest,0.0
2334,guards,0.0
2335,guarded,0.0
2336,growing,0.0
2337,fought,0.0
2338,gaining,0.0
2339,fuss,0.0
2340,full,0.0
2341,frustration,0.0
2342,front,0.0
2343,friday,0.0
2344,frenchmen,0.0
2345,fraternal,0.0
2346,frankland,0.0
2347,france,0.0
2348,fourth,0.0
2349,form,0.0
2350,gait,0.0
2351,foresight,0.0
2352,foreign,0.0
2353,fore,0.0
2354,forces,0.0
2355,forced,0.0
2356,force,0.0
2357,following,0.0
2358,followers,0.0
2359,followed,0.0
2360,folk,0.0
2361,foes,0.0
2362,gains,0.0
2363,gamble,0.0
2364,grow,0.0
2365,goals,0.0
2366,grigory,0.0
2367,greet,0.0
2368,greater,0.0
2369,grandiose,0.0
2370,grandfather,0.0
2371,grand,0.0
2372,grain,0.0
2373,graduation,0.0
2374,got,0.0
2375,goods,0.0
2376,gomulka,0.0
2377,gleamingly,0.0
2378,gambled,0.0
2379,gigantic,0.0
2380,giant,0.0
2381,germans,0.0
2382,german,0.0
2383,georgi,0.0
2384,genuinely,0.0
2385,geneva,0.0
2386,general,0.0
2387,garst,0.0
2388,gap,0.0
2389,gambles,0.0
2390,zinovyev,0.0
